split,rank,ID,Speaker_ID,Gender,Speech_Class,Native_Region,Speech_Duration_seconds,Discipline_Group,Topic,model,mode,reference_source,reference_raw,reference,hypothesis_raw,hypothesis,wer
test,1,E-r2EDS0uP4,226,M,SLOW,NORTH,29.75,Engineering,Lecture 3 Kinematics of machines,base,transcript_clean,Transcript,"F which we have seen, 3 times n minus 1 minus 2 j. So F is 3 into 4 minus 2 into 5, which",f which we have seen three times n minus one minus two j so f is three into four minus two into five which,"f which we have seen, c times n minus 1 minus 2 j. Sorry, this is I made a mistake here, j 2 is 1, but j 2 is 2 j 2. So, this should be counted as 2 into 1 that is 2 and j is 5. So, f is c into 4 minus 2 into 5 which is 2.",f which we have seen c times n minus one minus two j sorry this is i made a mistake here j two is one but j two is two j two so this should be counted as two into one that is two and j is five so f is c into four minus two into five which is two,1.625
test,2,Vpoi5W6a3lo,166,M,FAST,SOUTH,17.64,Non-Engineering,Distributions(contd),base,transcript_clean,Transcript,"is when the original distribution is normal like we said this distribution of sample means is also normal. But, we also went through this central limit theorem where we said as long as you are aggregating is sufficiently large number of distributions the resulting distribution starts to look",is when the original distribution is normal like we said this distribution of sample means is also normal but we also went through this central limit theorem where we said as long as you are aggregating is sufficiently large number of distributions the resulting distribution starts to look,"rate could be something like, well, two people arrive per minute. Okay, so that's two. And I want to ask the question, what is the probability zero people will arrive over the next minute? So I'd say, on average, two people arrive at the bus stop. K is that zero, right? So I'll put, I'll just substitute K with zero.",rate could be something like well two people arrive per minute okay so that is two and i want to ask the question what is the probability zero people will arrive over the next minute so i would say on average two people arrive at the bus stop k is that zero right so i will put i will just substitute k with zero,1.2708
test,3,vf0S_1ZITuA,203,M,SLOW,EAST,32.75,Engineering,Fundamentals of Discretization: Finite Difference and Finite Volume Method,base,transcript_clean,Transcript,"by 2. So, that it becomes 3 and divided by 2 yes. Now, whether it is plus or minus sign",by two so that it becomes three and divided by two yes now whether it is plus or minus sign,"x by so it is h square by. So, it was 3 factorial and that multiplied by 2 so that it becomes 3 and divided by 2 yes.",x by so it is h square by so it was three factorial and that multiplied by two so that it becomes three and divided by two yes,1.1
test,4,4XulH3TfbT0,203,M,SLOW,EAST,52.541,Engineering,Surface Tension Driven Flows (Contd.),base,transcript_clean,Transcript,"In short time, s is much much  00:52:22,059 so, 8 pi mu s ds/dt=pi r square H rho g okay. So, s ds/dt=R square H rho g/8 mu.",in short time s is much much zero fifty two twenty two thousand and fifty nine so eight pi mu s ds dt pi r square h rho g okay so s ds dt r square h rho g eight mu,"in short time s is much much less than h. So, short time means s is much much less than h. So, the right hand side is approximately pi r square h rho g. So, 8 pi mu s d s d t is equal to pi r square h rho g. So, s d s d t is equal to r square h rho g by 8 mu",in short time s is much much less than h so short time means s is much much less than h so the right hand side is approximately pi r square h rho g so eight pi mu s d s d t is equal to pi r square h rho g so s d s d t is equal to r square h rho g by eight mu,1.0488
test,5,kHeysMOk9h4,82,M,SLOW,NORTH,24.69,Engineering,Parallel Algorithm,base,transcript_clean,Transcript,"n cross n, n plus 1 column is nothing but the b has been moved to n plus 1, that is You have A matrix and then you have B vector; instead of putting B here I have put B here",n cross n n plus one column is nothing but the b has been moved to n plus one that is you have a matrix and then you have b vector instead of putting b here i have put b here,something in every new monitor methods problem generally we walk on shared memory model. The people are working nowadays on platform issues. So the next problem is that we have to tell me how I can do it.,something in every new monitor methods problem generally we walk on shared memory model the people are working nowadays on platform issues so the next problem is that we have to tell me how i can do it,0.9756
test,6,lnD212vbPSk,70,M,FAST,SOUTH,26.769,Engineering,Sludge Treatment(Continued),base,transcript_clean,Transcript,We will see the advantages of this sludge draining beds for other dewatering processes. The cost involved is very very low for the sludge draining beds and infrequent attention is required because we can just go and dump the sludge on the sludge draining beds and it will automatically get dried because of evaporation and leaching,we will see the advantages of this sludge draining beds for other dewatering processes the cost involved is very very low for the sludge draining beds and infrequent attention is required because we can just go and dump the sludge on the sludge draining beds and it will automatically get dried because of evaporation and leaching,"much higher compared to the summer and it is a labor intensive sludge process as far as sludge removal is concerned because we are pumping the liquid sludge to the sludge drying birds. Once the sludge is dried how can we remove it? We have to remove the sludge from the sludge drying bird manually. So, it is a labor intensive process and",much higher compared to the summer and it is a labor intensive sludge process as far as sludge removal is concerned because we are pumping the liquid sludge to the sludge drying birds once the sludge is dried how can we remove it we have to remove the sludge from the sludge drying bird manually so it is a labor intensive process and,0.9643
test,7,qx86xQ6UKmU,70,M,FAST,SOUTH,15.29,Engineering,Adsorption,base,transcript_clean,Transcript,of the same charge into the solution in a chemically equivalent amount. Once again I will explain. Ion exchange is defined as the process where an insoluble substance removes ions of positive or negative charge from an electrolytic solution and releases other ions of the same charge,of the same charge into the solution in a chemically equivalent amount once again i will explain ion exchange is defined as the process where an insoluble substance removes ions of positive or negative charge from an electrolytic solution and releases other ions of the same charge,"by what is the concentration of b n plus in the solution. So, R n minus b n plus resin means active activity of b n plus in the resin and b n plus 1 s means activity of b n plus",by what is the concentration of b n plus in the solution so r n minus b n plus resin means active activity of b n plus in the resin and b n plus one s means activity of b n plus,0.9574
test,8,3vVJkvTsbXQ,88,M,SLOW,NORTH,25.36,Engineering,Open MP&PRAM Model of Computation,base,transcript_clean,Transcript,not say assumption but it is an abstraction will talk about how it affect our analysis yes we one is the amount of resource how much memory i have how much local versus or shared,not say assumption but it is an abstraction will talk about how it affect our analysis yes we one is the amount of resource how much memory i have how much local versus or shared,"I won't say assumption, but it is an abstraction. We'll talk about how it affects our analysis. So, as many number of processors as you need, which means it is valid for a single processor to machine of even million. Yes. Right. Right. So, one is the amount of resources. How much memory I have, how much local version or shared.",i will not say assumption but it is an abstraction well talk about how it affects our analysis so as many number of processors as you need which means it is valid for a single processor to machine of even million yes right right so one is the amount of resources how much memory i have how much local version or shared,0.9143
test,9,qBw8ZQrJeys,292,M,SLOW,SOUTH,7.01,Engineering,Level Testing,base,transcript_clean,Transcript,"that is also saw it as an input may not be a functional requirements this is a dependent in the message, okay. So next for is performance requirements let try to understand what performance that ports the entire process of booting up till operational mode.",that is also saw it as an input may not be a functional requirements this is a dependent in the message okay so next for is performance requirements let try to understand what performance that ports the entire process of booting up till operational mode,stability. This will continue in the next.,stability this will continue in the next,0.9111
test,10,whuItiXjk5s,277,M,SLOW,SOUTH,64.92,Engineering,Error Budgeting for Thermo Couple Amplifier,base,transcript_clean,Transcript,"can make the output goes to 0. So, this kind of adjustment has to be done. By assuming I bias current plus equal to I bias current minus, we can make error due to bias current to 0 by selecting the resistor values. Now, for example, if I have a gain 25, then I can select this R f and I call this is R",can make the output goes to zero so this kind of adjustment has to be done by assuming i bias current plus equal to i bias current minus we can make error due to bias current to zero by selecting the resistor values now for example if i have a gain twenty five then i can select this r f and i call this is r,"can make the output code to 0. So, this kind of adjustment has to be done. So, by assuming by assuming as assuming I plus I by as current plus equal to I by as current minus we can we I plus I by as current plus equal to I by as current minus we can we can make error due to error due to by as current to 0 and to 0 by adjust by setting there is a value register values. Now, for example, if I want to have a",can make the output code to zero so this kind of adjustment has to be done so by assuming by assuming as assuming i plus i by as current plus equal to i by as current minus we can we i plus i by as current plus equal to i by as current minus we can we can make error due to error due to by as current to zero and to zero by adjust by setting there is a value register values now for example if i want to have a,0.9091
test,11,Xatxc4IV9UE,50,M,SLOW,EAST,17.32,Engineering,16,base,transcript_clean,Transcript,"shown it to you. This is here; this is the modified fixed end moment, so we can call",shown it to you this is here this is the modified fixed end moment so we can call,"to you. So, here we are saying that this, so this is here and this is the modified fixed end moment. So, we can call it as fixed end moment.",to you so here we are saying that this so this is here and this is the modified fixed end moment so we can call it as fixed end moment,0.8889
test,12,ZvsSe5sJGdc,60,M,SLOW,WEST,25.37,Engineering,"General Flow Equations Through Porous Media (Contd.), Dupuit's Assumptions",base,transcript_clean,Transcript,d by dx of – k dh by dx into h + d by dy of – k into dh by dy into h,d by dx of k dh by dx into h d by dy of k into dh by dy into h,by d x of minus k d h by d x into h plus d by d y of minus k into d h by d y into h into h.,by d x of minus k d h by d x into h plus d by d y of minus k into d h by d y into h into h,0.8571
test,13,RZQTTfU9TNA,284,M,FAST,SOUTH,29.08,Engineering,Encoders and Decoders,base,transcript_clean,Transcript,"normally, this is a practical 3 to 8 decoder, I can give you the IC number if you want to this is 74138, it is not necessary to remember numbers. In fact I am not even sure it’s 128 or 138 but I think it’s 138.",normally this is a practical three to eight decoder i can give you the ic number if you want to this is seventy four thousand one hundred and thirty eight it is not necessary to remember numbers in fact i am not even sure it s one hundred and twenty eight or one hundred and thirty eight but i think it s one hundred and thirty eight,"is a practical 380 quarter actually I can give you the IC number if you want to it is 7, 4, 1, 3, 8. It does not matter, do not have to remember numbers, I do not remember numbers, I will always book out, book out, in fact I am not even sure with 1, 2, 8 or 1, 3, 8, I think it is not 3, 8. Somebody has a book you can have a quick look at it anyway.",is a practical three hundred and eighty quarter actually i can give you the ic number if you want to it is seven four one three eight it does not matter do not have to remember numbers i do not remember numbers i will always book out book out in fact i am not even sure with one two eight or one three eight i think it is not three eight somebody has a book you can have a quick look at it anyway,0.8358
test,14,vlImg6wCr8M,195,M,AVG,SOUTH,24.56,Engineering,Op-Amp Circuits and Signal conditioning for Microsystems Devices,base,transcript_clean,Transcript,that is v0 = v01 which v1 x r2/r1 +v02 which is –v2 x r2/r1 so that is r2/r1 x v1-v2. so ultimately what we conclude is this is an amplifier which uses an output = the difference between the 2 v1-v2. if v1 is connected to this + terminal v2 is connected to – terminal,that is v0 v01 which v1 x r2 r1 v02 which is v2 x r2 r1 so that is r2 r1 x v1 v2 so ultimately what we conclude is this is an amplifier which uses an output the difference between the two v1 v2 if v1 is connected to this terminal v2 is connected to terminal,"which is V 1 into R to the power 1 plus V 2 which is minus V 2 into R to the power 1. So, that is R to the power 1 into V 1 minus V 2. So, ultimately what we conclude is this is an amplifier which gives an output equal to the difference between the two V 1 minus V 2. If V 1 is connected to the first terminal, V 2 is connected to minus terminal.",which is v one into r to the power one plus v two which is minus v two into r to the power one so that is r to the power one into v one minus v two so ultimately what we conclude is this is an amplifier which gives an output equal to the difference between the two v one minus v two if v one is connected to the first terminal v two is connected to minus terminal,0.8246
test,15,nwcOtus_7eo,230,M,SLOW,NORTH,13.909,Engineering,Free Vibration,base,transcript_clean,Transcript,"This is k1 and this is y; that means, k1 y is equal to k2 x minus k2y. Therefore, y is",this is k1 and this is y that means k1 y is equal to k2 x minus k2y therefore y is,"is y that means k 1 y is equal to k 2 x minus y k 2 x minus k 2 y therefore, y is",is y that means k one y is equal to k two x minus y k two x minus k two y therefore y is,0.8095
test,16,6CwSfoOR7-U,50,M,SLOW,EAST,15.7,Engineering,25,base,transcript_clean,Transcript,"Therefore, if you look at the sway moments, they turn out to be equal toů.",therefore if you look at the sway moments they turn out to be equal toů,"So, this for therefore, if you look at the sway moments, if you look at the sway moments they turn out to be equal to M.",so this for therefore if you look at the sway moments if you look at the sway moments they turn out to be equal to m,0.8
test,17,-2aOCNaOiLs,222,M,SLOW,SOUTH,4.989,Engineering,Conduction- Cylindrical and Spherical geometries,base,transcript_clean,Transcript,considered in problem 45.,considered in problem forty five,considered in problem 45. Let us do that.,considered in problem forty five let us do that,0.8
test,18,l8kIWLWfbZ8,195,M,FAST,SOUTH,15.83,Engineering,- MESFET : Effects of channel length and gate length on IDS and gm,base,transcript_clean,Transcript,it is not Vpo it is Vpo cylindrical is equal to q ND amplitude twice epsilon r epsilon,it is not vpo it is vpo cylindrical is equal to q nd amplitude twice epsilon r epsilon,"In fact, it is not v p 0, it is v p 0, so integral is equal to q and d, amplitude. 5 epsilon r epsilon 0.",in fact it is not v p zero it is v p zero so integral is equal to q and d amplitude five epsilon r epsilon zero,0.7778
test,19,EayOCWaiRkw,277,M,SLOW,SOUTH,27.8,Engineering,Dual Slope ADC and Successor approximation ADC,base,transcript_clean,Transcript,"Now, that is voltage in C remains constant because it cannot discharge the assuming the bias current is negligible then the voltage",now that is voltage in c remains constant because it cannot discharge the assuming the bias current is negligible then the voltage,"Now, the voltage that is the voltage and C remains constant voltage in C remains constant voltage in C remains constant because it cannot discharge assuming the bias current is negligible. Then, the voltage is negligible.",now the voltage that is the voltage and c remains constant voltage in c remains constant voltage in c remains constant because it cannot discharge assuming the bias current is negligible then the voltage is negligible,0.7273
test,20,wckzrp9zBqk,195,M,AVG,SOUTH,21.459,Engineering,- MESFET I-V Characteristics Shockley's Model,base,transcript_clean,Transcript,"end. We have reiterated it more than once. What is that voltage Vp0 in terms of VDS(sat)? At the source end, it is Vbi minus VGS; at the drain end, it is VDS(sat) and at that some of the voltage should be equal to Vp0 that is what you have said. This voltage must",end we have reiterated it more than once what is that voltage vp0 in terms of vds sat at the source end it is vbi minus vgs at the drain end it is vds sat and at that some of the voltage should be equal to vp0 that is what you have said this voltage must,"So, we have reiterated it more than once. So, what is that voltage V p 0 in terms of ed is at at the source and it is V b m minus V g s at the train and it is V d set and that somehow the voltage should be equal to V p 0 that is what you have set. So, that is what we have said here this voltage much we could V p 0.",so we have reiterated it more than once so what is that voltage v p zero in terms of ed is at at the source and it is v b m minus v g s at the train and it is v d set and that somehow the voltage should be equal to v p zero that is what you have set so that is what we have said here this voltage much we could v p zero,0.7143
test,1,E-r2EDS0uP4,226,M,SLOW,NORTH,29.75,Engineering,Lecture 3 Kinematics of machines,medium,transcript_clean,Transcript,"F which we have seen, 3 times n minus 1 minus 2 j. So F is 3 into 4 minus 2 into 5, which",f which we have seen three times n minus one minus two j so f is three into four minus two into five which,"f which we have seen c times n minus 1 minus 2j sorry this is I made a mistake here j2 is 1 but j2 is 2j2 so this should be counted as 2 into 1 that is 2 and j is 5. So, f is c into 4 minus 2 into 5 which is 2.",f which we have seen c times n minus one minus 2j sorry this is i made a mistake here j2 is one but j2 is 2j2 so this should be counted as two into one that is two and j is five so f is c into four minus two into five which is two,1.4167
test,2,vf0S_1ZITuA,203,M,SLOW,EAST,32.75,Engineering,Fundamentals of Discretization: Finite Difference and Finite Volume Method,medium,transcript_clean,Transcript,"by 2. So, that it becomes 3 and divided by 2 yes. Now, whether it is plus or minus sign",by two so that it becomes three and divided by two yes now whether it is plus or minus sign,"x by, so it is h square by, so it was 3 factorial and that multiplied by 2, so that it becomes 3 and divided by 2, yes. So, this is the first one, so this is the second one, so",x by so it is h square by so it was three factorial and that multiplied by two so that it becomes three and divided by two yes so this is the first one so this is the second one so,1.4
test,3,Vpoi5W6a3lo,166,M,FAST,SOUTH,17.64,Non-Engineering,Distributions(contd),medium,transcript_clean,Transcript,"is when the original distribution is normal like we said this distribution of sample means is also normal. But, we also went through this central limit theorem where we said as long as you are aggregating is sufficiently large number of distributions the resulting distribution starts to look",is when the original distribution is normal like we said this distribution of sample means is also normal but we also went through this central limit theorem where we said as long as you are aggregating is sufficiently large number of distributions the resulting distribution starts to look,rate could be something like well two people arrive permanent. Okay so that's two and I want to ask the question what is the probability zero people will arrive over the next minute. So I'd say on average two people arrive at the bus stop. K is that zero right so I'll put I'll substitute K with zero,rate could be something like well two people arrive permanent okay so that is two and i want to ask the question what is the probability zero people will arrive over the next minute so i would say on average two people arrive at the bus stop k is that zero right so i will put i will substitute k with zero,1.2292
test,4,tsdoIka0mEg,175,M,SLOW,NORTH,28.91,Non-Engineering,"Irrational numbers, Dedekind's Theorem",medium,transcript_clean,Transcript,"R, then alpha belongs to R, R, the number alpha itself, the number alpha itself may",r then alpha belongs to r r the number alpha itself the number alpha itself may,"r, then alpha belongs to R, R the number alpha itself, the number alpha itself may belong to R, R the number alpha itself may belong to R, R the number alpha itself may belong",r then alpha belongs to r r the number alpha itself the number alpha itself may belong to r r the number alpha itself may belong to r r the number alpha itself may belong,1.1875
test,5,EayOCWaiRkw,277,M,SLOW,SOUTH,27.8,Engineering,Dual Slope ADC and Successor approximation ADC,medium,transcript_clean,Transcript,"Now, that is voltage in C remains constant because it cannot discharge the assuming the bias current is negligible then the voltage",now that is voltage in c remains constant because it cannot discharge the assuming the bias current is negligible then the voltage,"Now, the voltage that is the voltage and C remains constant voltage in C remains constant voltage in C remains constant, because it cannot discharge assuming the bias current is negligible then the voltage in C remains constant, because it cannot discharge assuming",now the voltage that is the voltage and c remains constant voltage in c remains constant voltage in c remains constant because it cannot discharge assuming the bias current is negligible then the voltage in c remains constant because it cannot discharge assuming,1.0455
test,6,8PZx5kgLSqQ,302,M,SLOW,WEST,64.24,Engineering,Lloyd-Max Quantizer,medium,transcript_clean,Transcript,"minus 1 and b L by 2. We know b L by 2 from our knowledge of the data. Therefore, we can compute the integral. Y L by 2 is equal to and compare it with the previously computed value of y L by 2. Now, if the difference",minus one and b l by two we know b l by two from our knowledge of the data therefore we can compute the integral y l by two is equal to and compare it with the previously computed value of y l by two now if the difference,"minus 1 and b l by 2. We know b l by 2 from our knowledge of the data. Therefore, we can compute the integral y l by 2 is equal to y l by 2 minus 1 minus 1 minus 1 minus 1 minus 1 minus 1 minus 1 minus 1 minus 1 minus 1 minus 1 minus 1 minus 1 minus 1 minus 1 minus 1 minus 1 minus 1 minus 1 minus 1 minus 1 minus and compare it with the previously computed value of y l by 2.",minus one and b l by two we know b l by two from our knowledge of the data therefore we can compute the integral y l by two is equal to y l by two minus one minus one minus one minus one minus one minus one minus one minus one minus one minus one minus one minus one minus one minus one minus one minus one minus one minus one minus one minus one minus one minus and compare it with the previously computed value of y l by two,1.0408
test,7,qx86xQ6UKmU,70,M,FAST,SOUTH,15.29,Engineering,Adsorption,medium,transcript_clean,Transcript,of the same charge into the solution in a chemically equivalent amount. Once again I will explain. Ion exchange is defined as the process where an insoluble substance removes ions of positive or negative charge from an electrolytic solution and releases other ions of the same charge,of the same charge into the solution in a chemically equivalent amount once again i will explain ion exchange is defined as the process where an insoluble substance removes ions of positive or negative charge from an electrolytic solution and releases other ions of the same charge,"by what is the concentration of Bn plus in the solution. So, Rn minus Bn plus resin means activity of Bn plus in the resin and Bn plus 1 S means activity of Bn plus in the solution.",by what is the concentration of bn plus in the solution so rn minus bn plus resin means activity of bn plus in the resin and bn plus one s means activity of bn plus in the solution,0.9574
test,8,lnD212vbPSk,70,M,FAST,SOUTH,26.769,Engineering,Sludge Treatment(Continued),medium,transcript_clean,Transcript,We will see the advantages of this sludge draining beds for other dewatering processes. The cost involved is very very low for the sludge draining beds and infrequent attention is required because we can just go and dump the sludge on the sludge draining beds and it will automatically get dried because of evaporation and leaching,we will see the advantages of this sludge draining beds for other dewatering processes the cost involved is very very low for the sludge draining beds and infrequent attention is required because we can just go and dump the sludge on the sludge draining beds and it will automatically get dried because of evaporation and leaching,"much higher compared to the summer and it is a labor intensive sludge process as far as sludge removal is concerned because we are pumping the liquid sludge to the sludge drying beds. Once the sludge is dried how can we remove it? We have to remove the sludge from the sludge drying bed manually. So, it is a labor intensive process and it",much higher compared to the summer and it is a labor intensive sludge process as far as sludge removal is concerned because we are pumping the liquid sludge to the sludge drying beds once the sludge is dried how can we remove it we have to remove the sludge from the sludge drying bed manually so it is a labor intensive process and it,0.9464
test,9,kHeysMOk9h4,82,M,SLOW,NORTH,24.69,Engineering,Parallel Algorithm,medium,transcript_clean,Transcript,"n cross n, n plus 1 column is nothing but the b has been moved to n plus 1, that is You have A matrix and then you have B vector; instead of putting B here I have put B here",n cross n n plus one column is nothing but the b has been moved to n plus one that is you have a matrix and then you have b vector instead of putting b here i have put b here,problem generally we work on shared memory model the people are working nowadays on cluster machines. Now the next problem is that we have to tell me how I can do it.,problem generally we work on shared memory model the people are working nowadays on cluster machines now the next problem is that we have to tell me how i can do it,0.9268
test,10,qBw8ZQrJeys,292,M,SLOW,SOUTH,7.01,Engineering,Level Testing,medium,transcript_clean,Transcript,"that is also saw it as an input may not be a functional requirements this is a dependent in the message, okay. So next for is performance requirements let try to understand what performance that ports the entire process of booting up till operational mode.",that is also saw it as an input may not be a functional requirements this is a dependent in the message okay so next for is performance requirements let try to understand what performance that ports the entire process of booting up till operational mode,This we will continue in the next class.,this we will continue in the next class,0.9111
test,11,3vVJkvTsbXQ,88,M,SLOW,NORTH,25.36,Engineering,Open MP&PRAM Model of Computation,medium,transcript_clean,Transcript,not say assumption but it is an abstraction will talk about how it affect our analysis yes we one is the amount of resource how much memory i have how much local versus or shared,not say assumption but it is an abstraction will talk about how it affect our analysis yes we one is the amount of resource how much memory i have how much local versus or shared,"I won't say assumption, but it is an abstraction. We'll talk about how it affects our analysis. As many number of processors as you need, which means it is valid for a single processor to machine of even millions of processors. Yes. So one is the amount of resources, how much memory I have, how much local versus shared.",i will not say assumption but it is an abstraction well talk about how it affects our analysis as many number of processors as you need which means it is valid for a single processor to machine of even millions of processors yes so one is the amount of resources how much memory i have how much local versus shared,0.8857
test,12,vlImg6wCr8M,195,M,AVG,SOUTH,24.56,Engineering,Op-Amp Circuits and Signal conditioning for Microsystems Devices,medium,transcript_clean,Transcript,that is v0 = v01 which v1 x r2/r1 +v02 which is –v2 x r2/r1 so that is r2/r1 x v1-v2. so ultimately what we conclude is this is an amplifier which uses an output = the difference between the 2 v1-v2. if v1 is connected to this + terminal v2 is connected to – terminal,that is v0 v01 which v1 x r2 r1 v02 which is v2 x r2 r1 so that is r2 r1 x v1 v2 so ultimately what we conclude is this is an amplifier which uses an output the difference between the two v1 v2 if v1 is connected to this terminal v2 is connected to terminal,"which is v 1 into r 2 by r 1 plus v naught 2 which is minus v 2 into r 2 by r 1. So, that is r 2 by r 1 into v 1 minus v 2. So, ultimately what we conclude is this is an amplifier which gives an output equal to the difference between the two v 1 minus v 2. v 1 is plus connected to this plus terminal v 2 is connected to minus terminal.",which is v one into r two by r one plus v naught two which is minus v two into r two by r one so that is r two by r one into v one minus v two so ultimately what we conclude is this is an amplifier which gives an output equal to the difference between the two v one minus v two v one is plus connected to this plus terminal v two is connected to minus terminal,0.8421
test,13,-2aOCNaOiLs,222,M,SLOW,SOUTH,4.989,Engineering,Conduction- Cylindrical and Spherical geometries,medium,transcript_clean,Transcript,considered in problem 45.,considered in problem forty five,considered in problem 45. Let us do that.,considered in problem forty five let us do that,0.8
test,14,OFfJiIhFkJ4,43,M,SLOW,EAST,19.42,Non-Engineering,Determination of Molecular Weight of Polymers (Contd.),medium,transcript_clean,Transcript,"we know that in gel permeation chromatography there is no interaction between the polymer molecules and the pores or the column there is no interaction between them. So, the value",we know that in gel permeation chromatography there is no interaction between the polymer molecules and the pores or the column there is no interaction between them so the value,"We know that in gel permeation chromatography, there is no interaction between the polymer molecules and the pores or the column, there is no interaction between them. So, del H value of the polymer molecules is equal to del H, del H is equal to del H, del H is equal",we know that in gel permeation chromatography there is no interaction between the polymer molecules and the pores or the column there is no interaction between them so del h value of the polymer molecules is equal to del h del h is equal to del h del h is equal,0.7333
test,15,4XulH3TfbT0,203,M,SLOW,EAST,52.541,Engineering,Surface Tension Driven Flows (Contd.),medium,transcript_clean,Transcript,"In short time, s is much much  00:52:22,059 so, 8 pi mu s ds/dt=pi r square H rho g okay. So, s ds/dt=R square H rho g/8 mu.",in short time s is much much zero fifty two twenty two thousand and fifty nine so eight pi mu s ds dt pi r square h rho g okay so s ds dt r square h rho g eight mu,"In short time, s is much much less than h. So short time means s is much much less than h. So the right hand side is approximately pi r square h rho g. So 8 pi mu s ds dt is equal to pi r square h rho g.",in short time s is much much less than h so short time means s is much much less than h so the right hand side is approximately pi r square h rho g so eight pi mu s ds dt is equal to pi r square h rho g,0.7317
test,16,nwcOtus_7eo,230,M,SLOW,NORTH,13.909,Engineering,Free Vibration,medium,transcript_clean,Transcript,"This is k1 and this is y; that means, k1 y is equal to k2 x minus k2y. Therefore, y is",this is k1 and this is y that means k1 y is equal to k2 x minus k2y therefore y is,"is y. That means k1y is equal to k2x minus y. Therefore, y is equal to k2x minus k2y.",is y that means k1y is equal to k2x minus y therefore y is equal to k2x minus k2y,0.7143
test,17,ZvsSe5sJGdc,60,M,SLOW,WEST,25.37,Engineering,"General Flow Equations Through Porous Media (Contd.), Dupuit's Assumptions",medium,transcript_clean,Transcript,d by dx of – k dh by dx into h + d by dy of – k into dh by dy into h,d by dx of k dh by dx into h d by dy of k into dh by dy into h,d by d x of minus k d h by d x into h plus d by d y of minus k into d h by d y into h.,d by d x of minus k d h by d x into h plus d by d y of minus k into d h by d y into h,0.7143
test,18,jtMZfLViZu8,224,M,SLOW,NORTH,37.02,Engineering,Lecture 1 Finite Element Method,medium,transcript_clean,Transcript,"thetayi, and wi at each of these 4 nodes which have coordinates xi tau, yi tau in this expanded form. How many values we have? We have 12 values; it is a twelfth order, there are terms in this expression. We can write it as, this whole thing wi, w1 thetay1, thetax1, then w2, thetay2, thetax2 up to all the way down to w4, thetay4, thetax4 this is equal to this",thetayi and wi at each of these four nodes which have coordinates xi tau yi tau in this expanded form how many values we have we have twelve values it is a twelfth order there are terms in this expression we can write it as this whole thing wi w1 thetay1 thetax1 then w2 thetay2 thetax2 up to all the way down to w4 thetay4 thetax4 this is equal to this,"i, theta, y i and w i at each of these four nodes which have coordinates x i tau, y i tau in this expanded form. How many values now we have? We have 12 values. It is a 12th order, I mean there are 12 terms in this expression. So, now we solve for, so we can write it as this whole thing, w i, w 1, theta, y 1, theta, x 1, then w 2, theta, y 2, theta, x 2 up to all the way down to",i theta y i and w i at each of these four nodes which have coordinates x i tau y i tau in this expanded form how many values now we have we have twelve values it is a twelfth order i mean there are twelve terms in this expression so now we solve for so we can write it as this whole thing w i w one theta y one theta x one then w two theta y two theta x two up to all the way down to,0.6479
test,19,U6xmF1EqMEM,178,M,SLOW,EAST,30.0,Non-Engineering,Laws of Probability,medium,transcript_clean,Transcript,should be= probability of ai*probability of aj* probability of ak i j k must != and so on probability of intersection ai i=1 to n must be= the product of all the probabilities basically these are 2 to the power n-n-1 conditions,should be probability of ai probability of aj probability of ak i j k must and so on probability of intersection ai i one to n must be the product of all the probabilities basically these are two to the power n n one conditions,"that should be equal to probability of a i into probability of a j into probability of a k i j k must not be equal and so on. Probability of intersection a i i is equal to 1 to n must be equal to the product of all the probabilities . Basically these are 2 to the power n minus n minus 1 conditions . So, this is the first condition.",that should be equal to probability of a i into probability of a j into probability of a k i j k must not be equal and so on probability of intersection a i i is equal to one to n must be equal to the product of all the probabilities basically these are two to the power n minus n minus one conditions so this is the first condition,0.6444
test,20,jqhQx9U9kok,80,M,SLOW,NORTH,24.44,Engineering,26 Ray Tracing (Contd.),medium,transcript_clean,Transcript,"tracing has got a higher solution than I had decided earlier. When you look at the boundaries here you see some kind of a stair case pattern here, here, here and here.",tracing has got a higher solution than i had decided earlier when you look at the boundaries here you see some kind of a stair case pattern here here here and here,"is got a higher resolution than I had decided earlier right. So, just to illustrate you here the example you look at here at the boundaries here as you see some staircase kind of a pattern here right here here.",is got a higher resolution than i had decided earlier right so just to illustrate you here the example you look at here at the boundaries here as you see some staircase kind of a pattern here right here here,0.625
test,1,BvJXc1DQI-0,272,M,AVG,EAST,23.23,Non-Engineering,Special Techniques II,large,transcript_clean,Transcript,"expansion of the numbers. So, let us see how we can work it out. So, this is I got a an expression here. I can simply notice that if you pull out this a, a square from there this will go to the numerator and will cancel with",expansion of the numbers so let us see how we can work it out so this is i got a an expression here i can simply notice that if you pull out this a a square from there this will go to the numerator and will cancel with,"expansion of the numbers. So, let us see how we can work it out. So, this is I got a an expression here I can simply notice that if you pull out this a, a square from there this will go to the numerator and will cancel with I'll just say click circle from there that folks that can not go back or efficient so we can just use this here at the eye and you don't actually go back there directly control So, if a sq has a why is comparison your conclusion for the middle of x are you left or right on x and v Ba My first one, is it is curl curve is the controlling when you look at c c. So, this is using해요ув 의료용 we can let the word queremos",expansion of the numbers so let us see how we can work it out so this is i got a an expression here i can simply notice that if you pull out this a a square from there this will go to the numerator and will cancel with i will just say click circle from there that folks that can not go back or efficient so we can just use this here at the eye and you do not actually go back there directly control so if a sq has a why is comparison your conclusion for the middle of x are you left or right on x and v ba my first one is it is curl curve is the controlling when you look at c c so this is using해요ув 의료용 we can let the word queremos,1.8958
test,2,AfQRHoPr2Fs,183,M,FAST,SOUTH,25.97,Non-Engineering,Gluing (n+1) copies of Affine n-Space to Produce Projective n-space in Topology,large,transcript_clean,Transcript,the homogeneity property it can be defined in more than one way and to explain that lets look at an example ok. So suppose you take a suppose we take a point lambda knot lambda N in projective space and,the homogeneity property it can be defined in more than one way and to explain that lets look at an example ok so suppose you take a suppose we take a point lambda knot lambda n in projective space and,the homogeneity property it can be defined in more than one way and to explain that let us look at an example okay. So suppose you take suppose we take a point lambda not lambda n in projective space and some二 pour and take some by� light in z as an inverse of the one voice function where theta 0 for that one word lambda n in material dimension calendar term and sometime you can basically find it in another 추가 Celsius here and sort as well. But once again the relation of these two is what we need.,the homogeneity property it can be defined in more than one way and to explain that let us look at an example okay so suppose you take suppose we take a point lambda not lambda n in projective space and some二 pour and take some by light in z as an inverse of the one voice function where theta zero for that one word lambda n in material dimension calendar term and sometime you can basically find it in another 추가 celsius here and sort as well but once again the relation of these two is what we need,1.6
test,3,MbKrIieogNc,126,M,AVG,EAST,28.11,Engineering,29 Pneumatic Control Systems - I,large,transcript_clean,Transcript,"So, you need only apply pneumatic pressure for moving the valve to the right, for moment to the left is actually achieved by the spring. Similarly, if you connect it to this position, then what happens is that, the pressure gets connected, here and then when this valve is",so you need only apply pneumatic pressure for moving the valve to the right for moment to the left is actually achieved by the spring similarly if you connect it to this position then what happens is that the pressure gets connected here and then when this valve is,"So, you need only apply pneumatic pressure for moving the valve to the right from movement to the left is actually achieved by this spring. Similarly, if you connect it to this position then what happens is that the pressure gets connected here and then when this valve is connected to this position it says the pressure is limited. Achieved at first it says here but it doesn't show. So, suppose that all of a sudden the vacuum is connected to this position and then the pressure travels up to this position and theowa you get this logic in which you transforming the valve. You going to do another ruled pattern. Here. Let's do. Let's do another.",so you need only apply pneumatic pressure for moving the valve to the right from movement to the left is actually achieved by this spring similarly if you connect it to this position then what happens is that the pressure gets connected here and then when this valve is connected to this position it says the pressure is limited achieved at first it says here but it does not show so suppose that all of a sudden the vacuum is connected to this position and then the pressure travels up to this position and theowa you get this logic in which you transforming the valve you going to do another ruled pattern here let us do let us do another,1.5102
test,4,E-r2EDS0uP4,226,M,SLOW,NORTH,29.75,Engineering,Lecture 3 Kinematics of machines,large,transcript_clean,Transcript,"F which we have seen, 3 times n minus 1 minus 2 j. So F is 3 into 4 minus 2 into 5, which",f which we have seen three times n minus one minus two j so f is three into four minus two into five which,"f which we have seen, c times n minus 1 minus 2j. Sorry, this is, I made a mistake here, j2 is 1, but j2 is 2j2. So, this should be counted as 2 into 1, that is 2, and j is 5. So, f is c into 4 minus 2 into 5, which is 2.",f which we have seen c times n minus one minus 2j sorry this is i made a mistake here j2 is one but j2 is 2j2 so this should be counted as two into one that is two and j is five so f is c into four minus two into five which is two,1.4167
test,5,kPnr_57oii4,290,M,SLOW,EAST,29.74,Engineering,Other matching networks,large,transcript_clean,Transcript,"course assuming that Q is large, so what is this",course assuming that q is large so what is this,"course, assuming that Q is large, assuming that Q is large. So, what is this? So, what is this? So, what is this?",course assuming that q is large assuming that q is large so what is this so what is this so what is this,1.3
test,6,EayOCWaiRkw,277,M,SLOW,SOUTH,27.8,Engineering,Dual Slope ADC and Successor approximation ADC,large,transcript_clean,Transcript,"Now, that is voltage in C remains constant because it cannot discharge the assuming the bias current is negligible then the voltage",now that is voltage in c remains constant because it cannot discharge the assuming the bias current is negligible then the voltage,"Now, the voltage that is the voltage on C remains constant voltage in C remains constant voltage in C remains constant because it cannot discharge assuming the bias current is negligible then the voltage in C remains constant. So, this is the voltage that is the voltage",now the voltage that is the voltage on c remains constant voltage in c remains constant voltage in c remains constant because it cannot discharge assuming the bias current is negligible then the voltage in c remains constant so this is the voltage that is the voltage,1.2273
test,7,Vpoi5W6a3lo,166,M,FAST,SOUTH,17.64,Non-Engineering,Distributions(contd),large,transcript_clean,Transcript,"is when the original distribution is normal like we said this distribution of sample means is also normal. But, we also went through this central limit theorem where we said as long as you are aggregating is sufficiently large number of distributions the resulting distribution starts to look",is when the original distribution is normal like we said this distribution of sample means is also normal but we also went through this central limit theorem where we said as long as you are aggregating is sufficiently large number of distributions the resulting distribution starts to look,rate could be something like well two people arrive per minute okay so that's two and I want to ask the question what is the probability zero people will arrive over the next minute so I'd say on average two people arrive at the bus stop K is that zero right so I'll put substitute K with zero,rate could be something like well two people arrive per minute okay so that is two and i want to ask the question what is the probability zero people will arrive over the next minute so i would say on average two people arrive at the bus stop k is that zero right so i will put substitute k with zero,1.2083
test,8,vf0S_1ZITuA,203,M,SLOW,EAST,32.75,Engineering,Fundamentals of Discretization: Finite Difference and Finite Volume Method,large,transcript_clean,Transcript,"by 2. So, that it becomes 3 and divided by 2 yes. Now, whether it is plus or minus sign",by two so that it becomes three and divided by two yes now whether it is plus or minus sign,"x by, so it is h square by, so it was 3 factorial and that multiplied by 2, so that it becomes 3 and divided by 2. So, this is the",x by so it is h square by so it was three factorial and that multiplied by two so that it becomes three and divided by two so this is the,1.2
test,9,4XulH3TfbT0,203,M,SLOW,EAST,52.541,Engineering,Surface Tension Driven Flows (Contd.),large,transcript_clean,Transcript,"In short time, s is much much  00:52:22,059 so, 8 pi mu s ds/dt=pi r square H rho g okay. So, s ds/dt=R square H rho g/8 mu.",in short time s is much much zero fifty two twenty two thousand and fifty nine so eight pi mu s ds dt pi r square h rho g okay so s ds dt r square h rho g eight mu,"in short time S is much much less than h. So, short time means S is much much less than h. So, the right hand side is approximately pi r square h rho g. So, 8 pi mu S d S d t is equal to pi r square h rho g. So, S d S d t is equal to r square h rho g by 8 mu.",in short time s is much much less than h so short time means s is much much less than h so the right hand side is approximately pi r square h rho g so eight pi mu s d s d t is equal to pi r square h rho g so s d s d t is equal to r square h rho g by eight mu,1.0488
test,10,whCu4Xl3m98,203,M,FAST,EAST,14.58,Engineering,Fluid Kinematics,large,transcript_clean,Transcript,"y. So, you can write similarly that dy/ dt is = by, so dy/y is = b dt, again you integrate",y so you can write similarly that dy dt is by so dy y is b dt again you integrate,"y. So, you can write similarly that dy dt is equal to by, so dy by y is equal to b dt again you integrate with. So, you can write that d y by y is equal to b dt.",y so you can write similarly that dy dt is equal to by so dy by y is equal to b dt again you integrate with so you can write that d y by y is equal to b dt,1.0
test,11,3vVJkvTsbXQ,88,M,SLOW,NORTH,25.36,Engineering,Open MP&PRAM Model of Computation,large,transcript_clean,Transcript,not say assumption but it is an abstraction will talk about how it affect our analysis yes we one is the amount of resource how much memory i have how much local versus or shared,not say assumption but it is an abstraction will talk about how it affect our analysis yes we one is the amount of resource how much memory i have how much local versus or shared,"I won't say assumption, but it is an abstraction. We will talk about how it affects our analysis. Sir, so as many number of processors as you need which means it is valid for single processor to machine of even millions of processors. Yes. Right. Right. The, so one is the amount of resources, how much memory I have, how much local versus shared.",i will not say assumption but it is an abstraction we will talk about how it affects our analysis sir so as many number of processors as you need which means it is valid for single processor to machine of even millions of processors yes right right the so one is the amount of resources how much memory i have how much local versus shared,1.0
test,12,C0et91Vi2Jk,10,M,AVG,EAST,26.071,Engineering,of Scientific Computing-11,large,transcript_clean,Transcript,"interesting topic; somebody does the work, somebody else gets the courage, for example, Bernoulli's equation was never written by Bernoulli, it was done by Euler. So, this is a subject called Eponymy - the assigning the credit to the people who have really worked on it and there is a law stated by a statistician called Stigler's law. The law states that",interesting topic somebody does the work somebody else gets the courage for example bernoulli s equation was never written by bernoulli it was done by euler so this is a subject called eponymy the assigning the credit to the people who have really worked on it and there is a law stated by a statistician called stigler s law the law states that,"interesting topic, somebody does the work, somebody else gets the credit. For example, Bernoulli's equation was never written by Bernoulli, it was done by Euler. So, this is a subject called eponymy, the assigning the credit to the people who have really worked on it. There is a law stated by a statistician called Stigler's law. The law states that if a through set is more than 3% of twice the economic is the tax . Whereida is to theойд sunset white the経 många diindhing . Same with the s 한 turned over the yunse 450 évén ли, the time it's barkeep wanting to make way for the last two years. There is a concept called springtime. Two",interesting topic somebody does the work somebody else gets the credit for example bernoulli s equation was never written by bernoulli it was done by euler so this is a subject called eponymy the assigning the credit to the people who have really worked on it there is a law stated by a statistician called stigler s law the law states that if a through set is more than three of twice the economic is the tax whereida is to theойд sunset white the経 många diindhing same with the s 한 turned over the yunse four hundred and fifty évén ли the time it is barkeep wanting to make way for the last two years there is a concept called springtime two,0.9841
test,13,lnD212vbPSk,70,M,FAST,SOUTH,26.769,Engineering,Sludge Treatment(Continued),large,transcript_clean,Transcript,We will see the advantages of this sludge draining beds for other dewatering processes. The cost involved is very very low for the sludge draining beds and infrequent attention is required because we can just go and dump the sludge on the sludge draining beds and it will automatically get dried because of evaporation and leaching,we will see the advantages of this sludge draining beds for other dewatering processes the cost involved is very very low for the sludge draining beds and infrequent attention is required because we can just go and dump the sludge on the sludge draining beds and it will automatically get dried because of evaporation and leaching,"much higher compared to the summer and it is a labor intensive sludge process as far as sludge removal is concerned because we are pumping the liquid sludge to the sludge drying buds. Once the sludge is dried, how can we remove it? We have to remove the sludge from the sludge drying bud manually. So, it is a labor intensive process. And",much higher compared to the summer and it is a labor intensive sludge process as far as sludge removal is concerned because we are pumping the liquid sludge to the sludge drying buds once the sludge is dried how can we remove it we have to remove the sludge from the sludge drying bud manually so it is a labor intensive process and,0.9643
test,14,qx86xQ6UKmU,70,M,FAST,SOUTH,15.29,Engineering,Adsorption,large,transcript_clean,Transcript,of the same charge into the solution in a chemically equivalent amount. Once again I will explain. Ion exchange is defined as the process where an insoluble substance removes ions of positive or negative charge from an electrolytic solution and releases other ions of the same charge,of the same charge into the solution in a chemically equivalent amount once again i will explain ion exchange is defined as the process where an insoluble substance removes ions of positive or negative charge from an electrolytic solution and releases other ions of the same charge,"by what is the concentration of Bn plus in the solution. So, Rn minus Bn plus resin means activity of Bn plus in the resin and Bn plus 1s means activity of Bn plus in the solution.",by what is the concentration of bn plus in the solution so rn minus bn plus resin means activity of bn plus in the resin and bn plus 1s means activity of bn plus in the solution,0.9362
test,15,kHeysMOk9h4,82,M,SLOW,NORTH,24.69,Engineering,Parallel Algorithm,large,transcript_clean,Transcript,"n cross n, n plus 1 column is nothing but the b has been moved to n plus 1, that is You have A matrix and then you have B vector; instead of putting B here I have put B here",n cross n n plus one column is nothing but the b has been moved to n plus one that is you have a matrix and then you have b vector instead of putting b here i have put b here,"something in a numerical methods problem generally we work on shared memory model. But people are working nowadays on cluster machines. Now, the next problem is that you have to tell me how I can do it.",something in a numerical methods problem generally we work on shared memory model but people are working nowadays on cluster machines now the next problem is that you have to tell me how i can do it,0.9268
test,16,B_Vd3gTZCng,252,M,AVG,EAST,19.339,Engineering,Submerged Arc Welding,large,transcript_clean,Transcript,"of flux and that flux, being an insulating kind of medium, means not a conducting medium, its thermal conductivity is very low. So, heat loss is minimized; that is one of the biggest benefit. Another benefit obviously is to the welder; means that you do not see the arc; so chances",of flux and that flux being an insulating kind of medium means not a conducting medium its thermal conductivity is very low so heat loss is minimized that is one of the biggest benefit another benefit obviously is to the welder means that you do not see the arc so chances,"of flux and that flux being a insulating kind of medium means not a conducting medium, this thermal conduct weight is low. So, heat loss is minimized that is one of the biggest benefit. Another benefit obviously is to the welder means that you do not see the arc, so chances of the welder being a conductive medium is very low. So, the heat loss is minimized that is one of the biggest benefit. So, the heat loss is minimized that is one of the biggest benefit. Thank you. Thank you. Thank you.",of flux and that flux being a insulating kind of medium means not a conducting medium this thermal conduct weight is low so heat loss is minimized that is one of the biggest benefit another benefit obviously is to the welder means that you do not see the arc so chances of the welder being a conductive medium is very low so the heat loss is minimized that is one of the biggest benefit so the heat loss is minimized that is one of the biggest benefit thank you thank you thank you,0.9216
test,17,qBw8ZQrJeys,292,M,SLOW,SOUTH,7.01,Engineering,Level Testing,large,transcript_clean,Transcript,"that is also saw it as an input may not be a functional requirements this is a dependent in the message, okay. So next for is performance requirements let try to understand what performance that ports the entire process of booting up till operational mode.",that is also saw it as an input may not be a functional requirements this is a dependent in the message okay so next for is performance requirements let try to understand what performance that ports the entire process of booting up till operational mode,This we will continue in the next.,this we will continue in the next,0.9111
test,18,U6xmF1EqMEM,178,M,SLOW,EAST,30.0,Non-Engineering,Laws of Probability,large,transcript_clean,Transcript,should be= probability of ai*probability of aj* probability of ak i j k must != and so on probability of intersection ai i=1 to n must be= the product of all the probabilities basically these are 2 to the power n-n-1 conditions,should be probability of ai probability of aj probability of ak i j k must and so on probability of intersection ai i one to n must be the product of all the probabilities basically these are two to the power n n one conditions,"that should be equal to probability of A i into probability of A j into probability of A k i j k must not be equal and so on. Probability of intersection A i i is equal to 1 to n must be equal to the product of all the probabilities. Basically these are 2 to the power n minus n minus 1 conditions. So, this is the probability of A j into probability of A k. So, this is",that should be equal to probability of a i into probability of a j into probability of a k i j k must not be equal and so on probability of intersection a i i is equal to one to n must be equal to the product of all the probabilities basically these are two to the power n minus n minus one conditions so this is the probability of a j into probability of a k so this is,0.8667
test,19,-2aOCNaOiLs,222,M,SLOW,SOUTH,4.989,Engineering,Conduction- Cylindrical and Spherical geometries,large,transcript_clean,Transcript,considered in problem 45.,considered in problem forty five,considered in problem forty five. Let us do that.,considered in problem forty five let us do that,0.8
test,20,NwXerrFwUkk,7,M,SLOW,EAST,20.74,Engineering,Review of Thermodynamics (Contd.),large,transcript_clean,Transcript,"several classical statements, and the most important of them are Kelvin Planck Statement",several classical statements and the most important of them are kelvin planck statement,several classical statements and the most important of them are Kelvin Planck statement and the most important of them are Kelvin Planck statement.,several classical statements and the most important of them are kelvin planck statement and the most important of them are kelvin planck statement,0.7692
test,1,zz3cEoeWrUo,206,M,FAST,SOUTH,20.53,Engineering,Analysis of Gas Generator and Staged Combustion Cycles and Introduction to Injectors,youtube_aligned,transcript_clean,Transcript,"of the separated flow lingers on and C d decreases it never comes back to this. That means, even a small thing like a shower head injector which is nothing but an orifice like this it has it is not that straight forward, and what happens let us let us try to put this down.",of the separated flow lingers on and c d decreases it never comes back to this that means even a small thing like a shower head injector which is nothing but an orifice like this it has it is not that straight forward and what happens let us let us try to put this down,"very well designed you find the jets of water come like this as laminar streams. If it is not very well designed, you find some drop drops of water coming like this, may be at the same value of velocity. We would like to have an injector which is something like a shower head, but which is able to produce droplets and this is one type of injector. And this type of injector is known as a shower head injector. Let us",very well designed you find the jets of water come like this as laminar streams if it is not very well designed you find some drop drops of water coming like this may be at the same value of velocity we would like to have an injector which is something like a shower head but which is able to produce droplets and this is one type of injector and this type of injector is known as a shower head injector let us,1.3091
test,2,coLQ8EfZTQI,161,M,SLOW,SOUTH,25.34,Engineering,Dimensional Cutting Stock Problem(Contd),youtube_aligned,transcript_clean,Transcript,"We get theta equal to 125.75. The forth one is the pattern that leaves, so this is the pattern that leaves and this pattern is going to be replaced by the pattern 0 1 0 2. The new basis will now become 0 0 0 3, which is the last pattern, will be replaced by 125.75.",we get theta equal to one hundred and twenty five point seven five the forth one is the pattern that leaves so this is the pattern that leaves and this pattern is going to be replaced by the pattern zero one zero two the new basis will now become zero zero zero three which is the last pattern will be replaced by one hundred and twenty five point seven five,"2; this is 251.49 divided by 2; this is actually 251.5 because this is a recurring 0.83333. So, this will become 251.5 divided by 2 which will give us 125.75. We get theta equal to 125.75. The forth one is the pattern that leaves, so this is the pattern that leaves and this pattern is going to be replaced by the pattern 0 1 0 2. The new basis will now become 0 0 0 3, which is the last pattern, will be replaced",two this is two hundred and fifty one point four nine divided by two this is actually two hundred and fifty one point five because this is a recurring zero point eight three three three three so this will become two hundred and fifty one point five divided by two which will give us one hundred and twenty five point seven five we get theta equal to one hundred and twenty five point seven five the forth one is the pattern that leaves so this is the pattern that leaves and this pattern is going to be replaced by the pattern zero one zero two the new basis will now become zero zero zero three which is the last pattern will be replaced,1.0143
test,3,K55JYbDa5XE,214,M,FAST,WEST,22.671,Engineering,Hydrodynamic Journal Bearings,youtube_aligned,transcript_clean,Transcript,"lot of purposes, first extensity is going down lesser than, we say that 0.5 may be recommended fine, but that is increasing maximum pressure larger length is giving lesser pressure compared to sorry smaller length is giving larger pressure, smaller pressure compared to larger length",lot of purposes first extensity is going down lesser than we say that zero point five may be recommended fine but that is increasing maximum pressure larger length is giving lesser pressure compared to sorry smaller length is giving larger pressure smaller pressure compared to larger length,"a 0.0117 while in earlier example this coefficient of friction was a lesser than this 0.0086. So, increasing length is not full filling lot of purposes, first extensity is going down lesser than, we say that 0.5 may be recommended fine, but that is increasing maximum pressure larger length is giving lesser pressure compared to sorry smaller length is giving larger pressure, smaller pressure compared to larger",a zero point zero one one seven while in earlier example this coefficient of friction was a lesser than this zero point zero zero eight six so increasing length is not full filling lot of purposes first extensity is going down lesser than we say that zero point five may be recommended fine but that is increasing maximum pressure larger length is giving lesser pressure compared to sorry smaller length is giving larger pressure smaller pressure compared to larger,0.7234
test,4,0UMP-SyxYRk,175,M,SLOW,NORTH,30.0,Non-Engineering,"Fundamental theorems on limits, Bolzano-Weiersstrass Theorem",youtube_aligned,transcript_clean,Transcript,"important result because it shows that every bounded sequence of real it may not be a convergence like minus 1 to the power is not a convergent, but it has a bounded convergent subsequence, at least one bounded convergent subsequence may be there. The proof is based on the previous result. Suppose, x n is a bounded sequence is a bounded",important result because it shows that every bounded sequence of real it may not be a convergence like minus one to the power is not a convergent but it has a bounded convergent subsequence at least one bounded convergent subsequence may be there the proof is based on the previous result suppose x n is a bounded sequence is a bounded,"which is known as the Bolzano Weierstrass theorem. The Bolzano Weierstrass theorem say that what this is a bounded sequence a bounded sequence a bounded sequence of real numbers has a convergent subsequence. So, that is very important result because it shows that every bounded sequence of real it may not be a convergence like minus 1 to the power is not a convergent, but it has a bounded convergent subsequence, at least one bounded convergent subsequence may be there. The proof is based on the previous result. Suppose, x n",which is known as the bolzano weierstrass theorem the bolzano weierstrass theorem say that what this is a bounded sequence a bounded sequence a bounded sequence of real numbers has a convergent subsequence so that is very important result because it shows that every bounded sequence of real it may not be a convergence like minus one to the power is not a convergent but it has a bounded convergent subsequence at least one bounded convergent subsequence may be there the proof is based on the previous result suppose x n,0.7213
test,5,994ZNi7rSXo,286,M,AVG,EAST,23.59,Engineering,18 Image Enhancement,youtube_aligned,transcript_clean,Transcript,"just previous image that we have shown. So, this is something in between and the histogram of this particular image shows that most of the pixels of this image have intensity values which are in the middle range and not only that, the spade of the intensity values of",just previous image that we have shown so this is something in between and the histogram of this particular image shows that most of the pixels of this image have intensity values which are in the middle range and not only that the spade of the intensity values of,"you find that the intensity values are higher than the intensity values of the first image that you had shown. It is lower than the intensity values of the just previous image that we have shown. So, this is something in between and the histogram of this particular image shows that most of the pixels of this image have intensity values which are in the middle range and not only that, the spade",you find that the intensity values are higher than the intensity values of the first image that you had shown it is lower than the intensity values of the just previous image that we have shown so this is something in between and the histogram of this particular image shows that most of the pixels of this image have intensity values which are in the middle range and not only that the spade,0.6939
test,6,5IhMAUDmlaE,201,M,FAST,NORTH,21.549,Engineering,Piezoelectric Material -- II: Applications,youtube_aligned,transcript_clean,Transcript,"extreme accuracy, and thus we can use this as the actuators in that. So, when we are talking about the ceramics there are you know like various layers are there in the ceramics. And using these layers thinner than the 100 microns which allow you see reaching them the higher electrical fields, even more than we can say you know",extreme accuracy and thus we can use this as the actuators in that so when we are talking about the ceramics there are you know like various layers are there in the ceramics and using these layers thinner than the one hundred microns which allow you see reaching them the higher electrical fields even more than we can say you know,"the crystal. And this width can be changed with the better we can say you know like in the better than the micro meter precision, making piezo crystal most important tool for positioning object with the extreme accuracy, and thus we can use this as the actuators in that. So, when we are talking about the ceramics there are you know like various layers are there in the ceramics. And using these layers thinner than the 100 microns which allow you see reaching them the higher electrical fields, even more",the crystal and this width can be changed with the better we can say you know like in the better than the micro meter precision making piezo crystal most important tool for positioning object with the extreme accuracy and thus we can use this as the actuators in that so when we are talking about the ceramics there are you know like various layers are there in the ceramics and using these layers thinner than the one hundred microns which allow you see reaching them the higher electrical fields even more,0.6885
test,7,P0MK7sWfs9k,114,M,SLOW,SOUTH,27.85,Engineering,Introduction to DC-DC converter,youtube_aligned,transcript_clean,Transcript,"switching off in the present of inductive loads in the present of resistive load or capacitive loads next to that one. Then while discussing on the switch is in order to address the issue of switching transitions turn on and turn off the stress on the devices maximum during the turn on and turn off, because",switching off in the present of inductive loads in the present of resistive load or capacitive loads next to that one then while discussing on the switch is in order to address the issue of switching transitions turn on and turn off the stress on the devices maximum during the turn on and turn off because,"is present, and the losses are non-zero. These are called the switching losses. So you need to understand the characteristics of the switch, particular switch, during switching ON and switching OFF in the presence of inductive loads, in the presence of resistive loads or capacitive loads- things like that one. Then while discussing on the switch is-in order to address the issue of switching transitions turn on and turn off, the stress on the device is maximum during turn on and turn off, because",is present and the losses are non zero these are called the switching losses so you need to understand the characteristics of the switch particular switch during switching on and switching off in the presence of inductive loads in the presence of resistive loads or capacitive loads things like that one then while discussing on the switch is in order to address the issue of switching transitions turn on and turn off the stress on the device is maximum during turn on and turn off because,0.6786
test,8,G_JF6vpBjSM,201,M,FAST,NORTH,13.94,Engineering,of Materials,youtube_aligned,transcript_clean,Transcript,"y sin 2 theta minus half of tau x y cos of 2 theta, because you see we just want to put the symmetricity. So, in the above expression half is there, so as to keep the consistency with the a stress relation, because we know that actually this tau theta was nothing but, equals to sigma",y sin two theta minus half of tau x y cos of two theta because you see we just want to put the symmetricity so in the above expression half is there so as to keep the consistency with the a stress relation because we know that actually this tau theta was nothing but equals to sigma,"but, equals to half of or we can say just put half; because of the symmetricity half of that the sigma theta is nothing but, equals to half of epsilon x minus epsilon y sin 2 theta minus half of tau x y cos of 2 theta, because you see we just want to put the symmetricity. So, in the above expression half is there, so as to keep the consistency with the a stress relation, because we know that actually this tau theta was",but equals to half of or we can say just put half because of the symmetricity half of that the sigma theta is nothing but equals to half of epsilon x minus epsilon y sin two theta minus half of tau x y cos of two theta because you see we just want to put the symmetricity so in the above expression half is there so as to keep the consistency with the a stress relation because we know that actually this tau theta was,0.6667
test,9,4UFmjCPnhsQ,7,M,SLOW,EAST,21.61,Engineering,Adiabatic Flow in ducts with friction,youtube_aligned,transcript_clean,Transcript,"also additional equation we can use. So, this is our let us say this we will denote as our fifth equation and coming back well this is our equation number one, this is equation",also additional equation we can use so this is our let us say this we will denote as our fifth equation and coming back well this is our equation number one this is equation,"plus gamma M square by two four f d x by D . So, yet this is our fifth equation also additional equation we can use. So, this is our let us say this we will denote as our fifth equation and coming back well this is our equation number one,",plus gamma m square by two four f d x by d so yet this is our fifth equation also additional equation we can use so this is our let us say this we will denote as our fifth equation and coming back well this is our equation number one,0.6471
test,10,qQcpnmJNluU,301,M,AVG,EAST,23.96,Engineering,1 Introduction,youtube_aligned,transcript_clean,Transcript,"a real number which has infinite possibilities. So, English text is an example of a digital source, digital signal. And, however though it is not binary in nature it can still be converted to a binary signal by using some form of binary code for every character. So, for example",a real number which has infinite possibilities so english text is an example of a digital source digital signal and however though it is not binary in nature it can still be converted to a binary signal by using some form of binary code for every character so for example,"unlike an analog source; where every sample is at every point the value may be one of the infinite number of values. So, for example it may be a real number which has infinite possibilities. So, English text is an example of a digital source, digital signal. And, however though it is not binary in nature it can still be converted to a binary signal by using some form of binary code for every character.",unlike an analog source where every sample is at every point the value may be one of the infinite number of values so for example it may be a real number which has infinite possibilities so english text is an example of a digital source digital signal and however though it is not binary in nature it can still be converted to a binary signal by using some form of binary code for every character,0.62
test,11,ORLz1bhp5mM,183,M,FAST,SOUTH,17.689,Non-Engineering,Hurwitz's Theorem and Normal Limits of Univalent Functions,youtube_aligned,transcript_clean,Transcript,"and since you are started with a compact set, because uhhh an closed interval is both closed and bounded, so it is compact. And the continuous image of a compact set is compact, so what you will get is a image of a closed interval is again an interval which is compact which means it is an interval",and since you are started with a compact set because uhhh an closed interval is both closed and bounded so it is compact and the continuous image of a compact set is compact so what you will get is a image of a closed interval is again an interval which is compact which means it is an interval,"image of a interval and which is connected and since the function is continuous the image will also be a connected subset. So, that means the image will also be an interval and since you are started with a compact set, because uhhh an closed interval is both closed and bounded, so it is compact. And the continuous image of a compact set is compact, so what you will get is a image of a closed interval is again an interval which is compact which means it",image of a interval and which is connected and since the function is continuous the image will also be a connected subset so that means the image will also be an interval and since you are started with a compact set because uhhh an closed interval is both closed and bounded so it is compact and the continuous image of a compact set is compact so what you will get is a image of a closed interval is again an interval which is compact which means it,0.6034
test,12,Zk7u1iDKhCc,175,M,SLOW,NORTH,26.921,Non-Engineering,Improper Integrals,youtube_aligned,transcript_clean,Transcript,the range of the integration infinite; and second be the function is unbounded in the,the range of the integration infinite and second be the function is unbounded in the,he has introduced the infinite integrals by taking the range of the integration infinite; and second be the function is unbounded in,he has introduced the infinite integrals by taking the range of the integration infinite and second be the function is unbounded in,0.6
test,13,ew8opy2TX1Y,195,M,FAST,SOUTH,23.591,Engineering,Modelling of Microsystems: Scaling Effects,youtube_aligned,transcript_clean,Transcript,small number that will be round off errors truncation errors so we have to use appropriate scaling for the length and the best way to do that is to go to dimensions there are 7 fundamental dimensions the mass length time charge temperature mole and candella mole for the quantity of atoms molecules and candella for light,small number that will be round off errors truncation errors so we have to use appropriate scaling for the length and the best way to do that is to go to dimensions there are seven fundamental dimensions the mass length time charge temperature mole and candella mole for the quantity of atoms molecules and candella for light,micron we have put 5*10 power -6 that raise to cube it will become 125*10 raise to -18 which are very small number and if we multiply another small number that will be round off errors truncation errors so we have to use appropriate scaling for the length and the best way to do that is to go to dimensions there are 7 fundamental dimensions the mass length time charge temperature mole and candella mole for the quantity of atoms molecules and candella for light,micron we have put five ten power six that raise to cube it will become one hundred and twenty five ten raise to eighteen which are very small number and if we multiply another small number that will be round off errors truncation errors so we have to use appropriate scaling for the length and the best way to do that is to go to dimensions there are seven fundamental dimensions the mass length time charge temperature mole and candella mole for the quantity of atoms molecules and candella for light,0.5965
test,14,txv5MfFdpTo,57,M,SLOW,SOUTH,22.94,Engineering,Lecture 15,youtube_aligned,transcript_clean,Transcript,"For each element, global displacements can be transformed into the local displacements; because, when we want to calculate these axial forces, moments and shear whatever when we solve the global equation system we get global displacements in the global coordinate system we need to convert back into the displacements in the local coordinate system; because, using",for each element global displacements can be transformed into the local displacements because when we want to calculate these axial forces moments and shear whatever when we solve the global equation system we get global displacements in the global coordinate system we need to convert back into the displacements in the local coordinate system because using,"3-D frame element can be computed using shape functions and its derivatives as we are doing for the plane frame or trusses or beams that we have seen till now. For each element, global displacements can be transformed into the local displacements; because, when we want to calculate these axial forces, moments and shear when we solve the global equation system we get global displacements in the global coordinate system we need to convert back into the displacements in the local coordinate system; because,",three d frame element can be computed using shape functions and its derivatives as we are doing for the plane frame or trusses or beams that we have seen till now for each element global displacements can be transformed into the local displacements because when we want to calculate these axial forces moments and shear when we solve the global equation system we get global displacements in the global coordinate system we need to convert back into the displacements in the local coordinate system because,0.5893
test,15,BphPV4mGT-0,156,M,AVG,NORTH,24.77,Non-Engineering,Environmental analysis Techniques and impact for organizational growth(contd.),youtube_aligned,transcript_clean,Transcript,"that I do not want to spend time elaborating upon them, but not to touch upon them would be to make your education and learning incomplete. Corruption is very much an environmental factor. And you cannot do a session on environment without talking about corruption. And iIt comes in very small degrees; it comes by way of evading regulation; it comes by way of",that i do not want to spend time elaborating upon them but not to touch upon them would be to make your education and learning incomplete corruption is very much an environmental factor and you cannot do a session on environment without talking about corruption and iit comes in very small degrees it comes by way of evading regulation it comes by way of,"uninitiated mind will grow up thinking - yes, it can happen. This is where perceptions become as important as reality. Levels of bureaucracy and levels of corruption; now, these are such obvious everyday examples, that I don’t want to spend time elaborating upon them, but not to touch upon them would be to make your education and learning incomplete. Corruption is very much an environmental factor. And you cannot do a session on environment without talking about corruption. And it comes in very small degrees; it comes by way of evading regulation; it comes by way",uninitiated mind will grow up thinking yes it can happen this is where perceptions become as important as reality levels of bureaucracy and levels of corruption now these are such obvious everyday examples that i don t want to spend time elaborating upon them but not to touch upon them would be to make your education and learning incomplete corruption is very much an environmental factor and you cannot do a session on environment without talking about corruption and it comes in very small degrees it comes by way of evading regulation it comes by way,0.5781
test,16,Mm9puwlIm5g,141,M,FAST,WEST,24.53,Engineering,Diffusion ( cont.),youtube_aligned,transcript_clean,Transcript,"Em is the barrier energy, it has to cross this much energy to come out. It should get excited enough, pass through barrier and jump to the next side. This 4 of course is called degeneracy, from where it comes? It is a random, it can go this side, it can go this side, it can go this side, it can go this side, so it has four possibility of motion. So it",em is the barrier energy it has to cross this much energy to come out it should get excited enough pass through barrier and jump to the next side this four of course is called degeneracy from where it comes it is a random it can go this side it can go this side it can go this side it can go this side so it has four possibility of motion so it,"barrier. It cannot just go, it has to cross some barrier. Now this barrier which is 700 to 1200, thermal vibrations occur with frequency new which is given by 4 mu 0 e to the power Em. Em is the barrier energy, it has to cross this much energy to come out. It should get excited enough, pass through barrier and jump to the next side. This 4 of course is called degeneracy, from where it comes? It is a random, it can go this side, it can go this side, it can go this side, it can go this side, so it has four possibility of motion. So",barrier it cannot just go it has to cross some barrier now this barrier which is seven hundred to one thousand two hundred thermal vibrations occur with frequency new which is given by four mu zero e to the power em em is the barrier energy it has to cross this much energy to come out it should get excited enough pass through barrier and jump to the next side this four of course is called degeneracy from where it comes it is a random it can go this side it can go this side it can go this side it can go this side so it has four possibility of motion so,0.5753
test,17,ucSpyq9VuV4,264,M,AVG,NORTH,24.21,Non-Engineering,mod01lec12,youtube_aligned,transcript_clean,Transcript,transfer equation itself becomes much simpler in the if you use the brightness temperature in the rayleigh jeans limit okay and what happens now so if the medium is optically thick we know what happens the specific intensity becomes equal to the source function right that is what we have seen if the material,transfer equation itself becomes much simpler in the if you use the brightness temperature in the rayleigh jeans limit okay and what happens now so if the medium is optically thick we know what happens the specific intensity becomes equal to the source function right that is what we have seen if the material,tb plus the temperature of the source the source function gets just replaced by the temperature of the material through which the radiation is passing okay so the radiative transfer equation itself becomes much simpler in the if you use the brightness temperature in the rayleigh jeans limit okay and what happens now so if the medium is optically thick we know what happens the specific intensity becomes equal to the source function right that is what we have seen if,tb plus the temperature of the source the source function gets just replaced by the temperature of the material through which the radiation is passing okay so the radiative transfer equation itself becomes much simpler in the if you use the brightness temperature in the rayleigh jeans limit okay and what happens now so if the medium is optically thick we know what happens the specific intensity becomes equal to the source function right that is what we have seen if,0.5741
test,18,SUiTcHV2paQ,53,M,AVG,EAST,32.09,Engineering,Geosynthetic for Steep Slopes,youtube_aligned,transcript_clean,Transcript,"Now, I just said that you can do the number of the layer of the reinforcement. Now, you can see here that this is the slope the height of the slope h. This is the radius and this is the center of the circle and this is o, which is x and Y and you provide the number of the layer of the reinforcement. So, for example, that you can see here this is the",now i just said that you can do the number of the layer of the reinforcement now you can see here that this is the slope the height of the slope h this is the radius and this is the center of the circle and this is o which is x and y and you provide the number of the layer of the reinforcement so for example that you can see here this is the,"give the less value also you have to optimize. Also, you can find out what will be the tensile strength of the geogrid material is required for the stable slope. So, this also is to be taken care for design. Now, I just said that you can do the number of the layer of the reinforcement. Now, you can see here that this is the slope the height of the slope h. This is the radius and this is the center of the circle and this is o, which is x and Y and you provide the number of the layer of the reinforcement. So, for example, that you can see here",give the less value also you have to optimize also you can find out what will be the tensile strength of the geogrid material is required for the stable slope so this also is to be taken care for design now i just said that you can do the number of the layer of the reinforcement now you can see here that this is the slope the height of the slope h this is the radius and this is the center of the circle and this is o which is x and y and you provide the number of the layer of the reinforcement so for example that you can see here,0.5733
test,19,5uybKFkufN4,225,M,AVG,SOUTH,20.42,Engineering,Normal Shock Waves / Rayleigh Flow,youtube_aligned,transcript_clean,Transcript,"But if you look at the way we have been writing the expression notice that on the right-hand side we want to involve du over u and M those are the only 2 quantities we want. So, we would really not prefer to have something like this so would were the preferred to replace this with a T0 because we have a dT0 here. We would prefer to have this with a dT0 and",but if you look at the way we have been writing the expression notice that on the right hand side we want to involve du over u and m those are the only two quantities we want so we would really not prefer to have something like this so would were the preferred to replace this with a t0 because we have a dt0 here we would prefer to have this with a dt0 and,"to dT plus 1 over cp times u du and if a substitute for dT and du from the earlier equation I can write this as dT0 is equal to 1 minus m square times T times du over u. But if you look at the way we have been writing the expression notice that on the right-hand side we want to involve du over u and M those are the only 2 quantities we want. So, we would really not prefer to have something like this so would were the preferred to replace this with a T0 because we have a dT0 here. We would prefer to have this with",to dt plus one over cp times u du and if a substitute for dt and du from the earlier equation i can write this as dt0 is equal to one minus m square times t times du over u but if you look at the way we have been writing the expression notice that on the right hand side we want to involve du over u and m those are the only two quantities we want so we would really not prefer to have something like this so would were the preferred to replace this with a t0 because we have a dt0 here we would prefer to have this with,0.5733
test,20,ZvsSe5sJGdc,60,M,SLOW,WEST,25.37,Engineering,"General Flow Equations Through Porous Media (Contd.), Dupuit's Assumptions",youtube_aligned,transcript_clean,Transcript,d by dx of – k dh by dx into h + d by dy of – k into dh by dy into h,d by dx of k dh by dx into h d by dy of k into dh by dy into h,therefore if we solve this equation one so this equation one becomes d by dx of – k dh by dx into h + d by dy of – k into dh by dy into h,therefore if we solve this equation one so this equation one becomes d by dx of k dh by dx into h d by dy of k into dh by dy into h,0.5714
